Catalog#,Artist,Title,Label,Format,Rating,Released,release_id,CollectionFolder,Date Added,Collection Media Condition,Collection Sleeve Condition,Collection Notes
VP4188,Augustus Pablo,This Is Augustus Pablo,17 North Parade,"LP, Album, RE, RM",,2011,3068785,Uncategorized,2020-11-18 19:17:05,,,
VP4201,Gregory Isaacs,Mr. Isaacs ,"17 North Parade, Earthquake","LP, RE, RM",,2019,13880176,Uncategorized,2020-11-18 19:18:50,,,
ONEF036,Alix Perez,Burning Babylon / Empty Words,1985 Music,"12"", Mar",,2021,19845166,Uncategorized,2022-10-25 04:18:01,Near Mint (NM or M-),Mint (M),
ABA 12023,The Shanti-Ites,Let H.I.M Arise / Emotion,Aba-Shanti-I,"12""",,2024,31297589,Uncategorized,2025-01-02 12:19:53,,,
AJ008,Danny Red / Forward Fever,Rasta We Rasta / Africa To Hollywood Dub,Ababajahnoi,"7"", RE",,2018,12336474,Uncategorized,2019-05-15 13:57:01,,,
AJLP003,Danny Red,The Manasseh Files,Ababajahnoi,"LP, Album",,2017,10508424,Uncategorized,2021-02-20 00:17:49,,,
AB-1006,Steely Dan,Aja,ABC Records,"LP, Album, San",,1977,1842334,Uncategorized,2020-11-18 21:18:29,,,
AR-1202,Tenastelin & King Alpha, Rasta Mission / Animal Rights,Akashic Records (23),"12""",,2017,11220825,Uncategorized,2020-11-18 19:04:10,,,
A&O009-R,Alpha & Omega,King & Queen,Alpha & Omega Records,"LP, Album, RE, RM",,2018,12601356,Uncategorized,2020-11-18 18:58:58,,,
APH029,Aphrodite,Private Plates - Volume 2,Aphrodite Recordings,"12""",,1999,55037,Uncategorized,2022-07-28 06:13:27,,,
AIS-LP-002,Various,Aries Tunes 002,Aries Tunes,"2xLP, Comp",,2000,193973,Uncategorized,2020-07-07 08:45:30,,,
88985375411,The Alan Parsons Project,I Robot,"Arista, Sony Music, Legacy","LP, Album, RE, 180",,2017,9763329,Uncategorized,2020-11-23 19:24:33,,,
ARILP 271,U-Roy,Talking Roots,Ariwa,"LP, Album",,2018,12151359,Uncategorized,2022-07-19 11:59:06,,,
ARTSCORE011,Tim Tama,Wave Of Nostalgia EP ,Artscore,"12"", EP",,2020,15231419,Uncategorized,2021-08-07 03:30:18,,,
AAR034V,Vinyl Junkie & Sanxion Featuring Bushman (3),Talk Too Much E.P.,Asbo Records,"12""",,2016,8296878,Uncategorized,2022-10-10 01:21:15,Mint (M),Generic,
7567-86606-2,The War On Drugs,A Deeper Understanding,Atlantic,"2xLP, Album",,2017,10755142,Uncategorized,2020-11-18 20:55:28,,,
ATOM 006 LP,Various,Serial Killaz,Atomic Records,"2xLP, Comp",,2000,93837,Uncategorized,2020-07-07 08:45:19,,,
BALLLP022,Rastaliens,Freestyle,Balloonia Ltd.,"2xLP, Album",,2002,206402,Uncategorized,2020-07-07 08:45:26,,,
BEC5161605,Manu Chao,Clandestino,"Because Music, Radio Bemba","2xLP, Album, RP + CD, Album, RP + RE, Gat",,2020,14869294,Uncategorized,2020-11-18 20:57:02,,,
BTS-002,Bluetech,Prima Materia,Behind the Sky Music,"2xLP, Album, Ltd, RE, RM",,2018,13115883,Uncategorized,2020-12-21 23:20:36,,,
bts-003,Bluetech,Sci​-​Fi Lullabies,Behind The Sky Music,"LP, Album, Ltd",,2019,13968661,Uncategorized,2020-07-07 08:40:38,,,
BTS-009,Bluetech,Underwater Cities,Behind The Sky Music,"12"", EP, Ltd, Cob",,2020,16580985,Uncategorized,2020-12-21 23:20:18,,,
WIKD 181,The Zombies,Odessey And Oracle,Big Beat Records,"LP, Album, RE",,0,13159752,Uncategorized,2020-11-18 21:06:34,,,
BORN001,Various,Chem Trails / Fall In Love,Born On Road Records,"12""",,2014,5837089,Uncategorized,2022-10-25 04:18:00,Mint (M),Mint (M),
WICKED VINYL 01,Wickedsquad,Wicked Vinyl 01,Buccaneer Records,"12""",,2002,628183,Uncategorized,2022-10-25 04:18:00,Very Good (VG),Very Good (VG),
CT-193,Mac DeMarco,Salad Days,Captured Tracks,"LP, Album, Gat",,2014,5552990,Uncategorized,2020-07-07 08:21:26,,,
CAK142,Sonic Boom (2),All Things Being Equal,Carpark Records,"LP, Album, Ltd",,2020,15363226,Uncategorized,2020-07-07 08:21:16,,,
"CBS 86005, 86005",Santana,Amigos,"CBS, CBS","LP, Album, Gat",,1976,13854143,Uncategorized,2020-11-18 20:58:45,,,
"SBPG 62690, 62690",Simon & Garfunkel,Sounds Of Silence,"CBS, CBS","LP, Album",,0,4475328,Uncategorized,2020-11-18 21:16:43,,,
CMR006.1,Chinese Man,The Groove Sessions Vol. 1 : 2004-2007,Chinese Man Records,"2xLP, Comp, Ltd",,2008,1340285,Uncategorized,2020-11-18 20:18:03,,,
CHOP12,Chopstick Dubplate,Gundelero,Chopstick Dubplate,"12""",,2010,2268116,Uncategorized,2022-07-28 06:15:14,,,
PC 30130,Santana,Abraxas,Columbia,"LP, Album, RP, Pit",,1973,3481603,Uncategorized,2020-11-18 21:02:16,,,
19075991391,Bob Dylan,His Ultimate Collection,"Columbia, Sony Music","LP, Comp",,2019,14664115,Uncategorized,2020-11-18 21:15:37,,,
DICLP 125,Man With No Name,Moment Of Truth,Concept In Dance,"2x12"", Album",,1996,138426,Uncategorized,2020-11-18 19:58:20,,,
CONGONATTY REMIX 007,Tribe Of Issachar,Tribal Natty (Aphrodite Remixes) ,Congo Natty,"12"", W/Lbl",,2005,618428,Uncategorized,2022-02-07 02:27:07,Very Good Plus (VG+),Generic,
CONGONATTY REMIX 3,Blackstar (2),Champion DJ (Remixes),Congo Natty,"12"", W/Lbl",,2005,691132,Uncategorized,2022-02-07 02:27:07,Very Good Plus (VG+),Generic,
CONGONATTY REMIX 9,Tribe Of Issachar,Wardance (Serial Killaz Remixes),Congo Natty,"12""",,2007,894649,Uncategorized,2022-07-28 06:12:18,,,
CONGONATTY018,Rebel MC & Serial Killaz (2),Promised Land / Promised Land VIP,Congo Natty,"12"", Promo",,2011,2819690,Uncategorized,2022-07-28 06:14:39,,,
CL80123,Bob Marley & The Wailers,Live In Boston 1973,Cult Legends,"LP, Album, Unofficial",,2019,14394456,Uncategorized,2020-11-18 19:24:43,,,
CAR 002,Cut & Run (2),Outta Space (Remixes),Cut & Run,"12"", Unofficial",,2004,243575,Uncategorized,2022-07-28 06:14:07,,,
0415,Santana,Psychedelic Journey,Cuvmusic,"LP, Comp",,2015,12034417,Uncategorized,2020-11-18 20:57:26,,,
DANSAMPMS4678,Kai Tracid,Your Own Reality,Dance Pool,"12"", Promo",,1997,248785,Uncategorized,2020-11-18 21:20:09,,,
DR001,Visionary Featuring King (5),Dub Rock Sound / Thousand Miles,Dance Rock,"12""",,2005,561298,Uncategorized,2021-09-08 14:44:40,,,
DR002,Visionary Feat. Peter Ranking,Around The World / Tempest,Dance Rock,"12""",,2005,562358,Uncategorized,2022-07-06 10:13:48,Very Good Plus (VG+),Generic,
DLC 01,Vendetta (2) & Barber (3) & Bad Kid,Bad Chill / More Gun,Delacroix Records,"12""",,2009,1678496,Uncategorized,2022-01-14 04:10:00,Very Good Plus (VG+),Generic,
DLC 04,Vendetta (2) & Barber (3) & Bad Kid,Soundboy Dead / Try To Conquer I,Delacroix Records,"12""",,2009,1860845,Uncategorized,2021-06-24 02:52:41,Very Good Plus (VG+),Generic,
DLC006,Vendetta (2) & Barber (3) & Bad Kid,Fit / I'm The Devil,Delacroix Records,"12""",,2010,2239262,Uncategorized,2026-07-03 08:14:17,,,
DEMREC493,The James Taylor Quartet,A Bigger Picture,Demon Records,"2xLP, Album, Etch, Ltd, Pur",,2019,14320475,Uncategorized,2020-07-07 08:45:56,,,
0720642442517,Nirvana,Nevermind,"DGC, Sub Pop","LP, Album, RE, RP, 180",,2017,10859343,Uncategorized,2020-11-18 21:10:02,,,
DIGISC03,Conscious Sounds,DiGi-Tal Dub,Digi-Tal,"LP, Album",,2016,8796280,Uncategorized,2022-09-01 02:13:34,,,
SBOY 001,Shy FX & T Power,Feelings,Digital Soundboy Recording Co.,"12""",,2005,533106,Uncategorized,2021-09-08 14:44:40,,,
SBOY 002,Shy FX & T Power,Everyday,Digital Soundboy Recording Co.,"12""",,2006,599991,Uncategorized,2021-09-08 14:44:40,,,
SBOY 003,Benny Page / Visionary Featuring Peter Ranking,Turn Down The Lights / Soundboy Burial,Digital Soundboy Recording Co.,"12"", Promo, W/Lbl",,2006,2771571,Uncategorized,2021-09-08 14:44:40,,,
SBOY 004,Visionary,Gimme Your Love / Jungle Rock,Digital Soundboy Recording Co.,"12""",,2006,709202,Uncategorized,2021-06-24 02:52:41,Very Good Plus (VG+),Very Good Plus (VG+),
SBOY 005,Benny Page,Rub A Dub / Urban Tribe,Digital Soundboy Recording Co.,"12""",,2006,778089,Uncategorized,2021-06-24 02:52:41,Very Good Plus (VG+),Generic,
ROUND001,Soundclash (3),Raggamuffin / Crying Out,Dirty Dubs,"12""",,2006,762824,Uncategorized,2021-09-08 14:44:40,,,
DA021,Dope Ammo vs Soundclash (3),Roots + Future / Dub Criminal,Dope Ammo Records,"12""",,2008,1361931,Uncategorized,2021-06-24 02:52:41,Very Good Plus (VG+),Generic,
DDRAG17,Gang Related,Rukus / Vibration,Dope Dragon,"12""",,1997,65196,Uncategorized,2022-10-10 01:21:15,Near Mint (NM or M-),Generic,
DUBM006,Gaudi,100 Years of Theremin (The Dub Chapter),Dubmission Records,"LP, Album",,2020,15729412,Uncategorized,2020-11-18 18:57:18,,,
DN 01,DJ Panik (3) & M-Rode / Jera (4) / Dijeyow,Truth & Rights / Precious /  Good Sensi,Dubnest,"12""",,2010,2453369,Uncategorized,2021-06-24 02:52:41,Very Good Plus (VG+),Generic,
DN 02,Dijeyow,Pumpking,Dubnest,"12""",,2011,2972969,Uncategorized,2021-04-26 07:23:14,,,
DN 04,Various,Glock - War Gun War / Herbalist,Dubnest,"12""",,2012,4342026,Uncategorized,2021-04-26 07:23:14,,,
DN03,Run Tingz Cru Ft. Blackout Ja,Tempa,Dubnest,"12""",,2012,3396287,Uncategorized,2021-06-14 06:32:40,Very Good (VG),Generic,
DN06,"DJ Panik (3), Dijeyow, Isaac Maya, Nfunk, Daddy Freddy",Move Ur Body / Gangster,Dubnest,"12""",,2014,5493812,Uncategorized,2021-04-26 07:23:14,,,
DBQK1215,Kitachi Meet Iration Steppas,Kitachi In Dubwise,Dubquake Records,"12""",,2023,27064047,Uncategorized,2025-01-02 12:21:24,,,
1C 038 1575271,Sweet Smoke,Just A Poke,Electrola,"LP, Album, RE",,0,9889782,Uncategorized,2020-11-18 20:35:22,,,
"ELK 42 090, EKS 75011, K 42 090",The Doors,L.A. Woman,"Elektra, Elektra, Elektra","LP, Album, RE",,0,8815490,Uncategorized,2020-11-23 19:23:01,,,
8122-79865-0,The Doors,The Doors,"Elektra, Rhino Vinyl","LP, Album, RE, 180",,2009,2548932,Uncategorized,2020-11-18 21:07:44,,,
88985303081,The Jimi Hendrix Experience,Smash Hits,"Experience Hendrix, Legacy, Sony Music","LP, RSD, Comp, RE, RM",,2016,8394977,Uncategorized,2020-11-18 21:05:45,,,
"F022DLP, 137 0022 12, 137.0022.12",St Germain,Boulevard (The Complete Series),"F Communications, F Communications, F Communications","2xLP, Album, RE",,2012,4180576,Uncategorized,2020-11-18 20:16:22,,,
FXX 300,CJ Bolland,The Prophet,FFRR,"12""",,1997,40779,Uncategorized,2020-11-18 21:35:39,,,
473067-7,Tame Impala,Currents,"Fiction Records, Caroline International, Universal Music","2xLP, Album, Gat",,2015,7252111,Uncategorized,2020-07-07 08:38:31,,,
"3795299, MODVL128",Tame Impala,Innerspeaker,"Fiction Records, Caroline Records, Universal Music Group, Modular Recordings","2xLP, Album, RE",,2014,6403240,Uncategorized,2020-11-18 20:26:22,,,
flam006,The Sneaker,Scatterbomb,Flammable Records,"12""",,1999,170143,Uncategorized,2020-11-18 21:40:30,,,
AFR LP 21,Manmademan,Lovetechnology,Flying Rhino Records,"2xLP, Album",,2000,96453,Uncategorized,2020-07-07 08:45:21,,,
FOKUZ061,Scott Allen (11) & Deeper Connection,Wicked Ones / Zion Dub,Fokuz Recordings,"12""",,2013,5184669,Uncategorized,2022-10-25 04:18:00,Very Good Plus (VG+),Generic,
RPG032,Serial Killaz (2),Mash You Down / Live From Studio 1,Ganja Records,"12"", Promo",,2009,1758060,Uncategorized,2022-07-28 06:15:03,,,
0720642472712,Nirvana,MTV Unplugged In New York,Geffen Records,"LP, Album, RE, RP, 180",,2008,1901246,Uncategorized,2020-11-18 21:08:54,,,
GLOBAL 005,Various,10 Years Of Global Aura,Global Aura Records,"LP, Comp, Pur",,2020,15161734,Uncategorized,2020-11-18 20:00:24,,,
VPRL1287,The Congos,Heart Of The Congos,"Go-Feet Records, VP Records","LP, Album, Ltd, RE, Gre",,2015,7567279,Uncategorized,2020-11-18 19:19:53,,,
"GRAD LP2, 12 GRAD LP 2",UB40,Signing Off,"Graduate Records, Graduate Records","LP, Album + 12""",,1980,8973534,Uncategorized,2020-11-18 19:12:25,,,
GREL166,Jacob Miller,Who Say Jah No Dread (The Classic Augustus Pablo Sessions 1974-75) ,Greensleeves Records,"LP, Comp, RE",,2018,12615690,Uncategorized,2020-11-18 19:47:10,,,
120·07·057,Clint Eastwood And General Saint,Stop That Train,"Greensleeves Records, Bellaphon","12"", Maxi",,1983,591777,Uncategorized,2020-07-07 08:21:19,,,
GUNMEN002V,Gunmen (2),Chant Down Babylon / Steppin' Razor,Gunmen Music,"12"", W/Lbl",,2016,9478559,Uncategorized,2021-07-28 13:17:35,Mint (M),Generic,
GUNMEN003V,Gunmen (2),Another Hit Song / Girls,Gunmen Music,"12"", W/Lbl",,2016,9974991,Uncategorized,2022-10-10 01:21:15,Mint (M),Generic,
"1A 158-63410, 1A 158-63411",Pink Floyd,The Wall,"Harvest, Harvest","2xLP, Album, Gat",,1979,15231618,Uncategorized,2020-11-18 20:50:54,,,
"2C 068-05249, 2C 068 - 05.249",Pink Floyd,The Dark Side Of The Moon,"Harvest, Harvest","LP, Album, RE, Gat",,1975,13136474,Uncategorized,2020-11-18 20:42:49,,,
HVNLP114,King Gizzard And The Lizard Wizard,Quarters!,Heavenly,"LP, Album",,2015,7042939,Uncategorized,2020-11-18 20:28:44,,,
CULTURE001,Benny Page Feat. Top Cat,Sound Fi Dead / You've Been Boasting,High Culture,"12""",,2011,3018564,Uncategorized,2022-07-28 06:13:18,,,
HOT 01,Bone Crusher (2) vs. Sizzla,Solid As A Rock,Hot Cakes (2),"12"", Unofficial, W/Lbl",,2005,4088694,Uncategorized,2021-06-14 06:32:40,Very Good (VG),Generic,
HYPNO 02,Various,Hypnotech 02,Hypnotech Records,"12"", EP",,2019,13370530,Uncategorized,2020-11-18 20:06:53,,,
IDA002LP,Yann Tiersen,Cascade Street,Ici D'Ailleurs,"2xLP, Album, RE, RM, RP",,2016,9214013,Uncategorized,2020-07-07 08:45:54,,,
ISS056,Indica Dubs Meets Shiloh Ites,Book Of Dub Series Chapter 2 of 3,Indica Dubs,"12"", Yel",,2018,11757970,Uncategorized,2020-11-18 19:01:53,,,
REDSPIDER002,J Majik & Wickaman,Crazy World LP - Pt 2,"Infrared, Black Widow","12""",,2007,998188,Uncategorized,2021-09-08 14:44:41,,,
IKL012,Capleton,Prophet Rides Again,Inkalink Records,"12""",,2007,1113407,Uncategorized,2022-07-28 06:12:24,,,
06INPUTV,MJ12,Cosmic Watergate,Input Records,"12""",,1998,220485,Uncategorized,2021-04-26 07:23:13,,,
ICOM 037,E-Z Rollers,Skaface / So Good Tonight,Intercom Recordings,"12"", Promo, W/Lbl, Sti",,2005,1513879,Uncategorized,2021-09-08 14:44:40,,,
OFD3,Mikkim,Offbeat Division 3,IO.LAB,"12""",,2010,2182640,Uncategorized,2022-07-06 10:13:48,Very Good Plus (VG+),Generic,
IRE11,Daddy Teacha & Uptones,No More War,Ire Hi-Fi,"7""",,0,5554319,Uncategorized,2021-06-24 02:52:41,Very Good Plus (VG+),Generic,
IIP001,Irie Ilodica,Freedom,Irie-I Productions,"2xLP, Comp, Ltd, Num, Gat",,2020,15683011,Uncategorized,2020-11-18 19:02:40,,,
IM006,Dirty Dubsters Feat. Top Cat,Girls Pon Mi Mind,Irish Moss Records,"12""",,2012,3719450,Uncategorized,2022-01-14 04:10:01,Very Good Plus (VG+),Generic,
535 147-3,Burning Spear,Marcus Garvey,Island Records,"LP, Album, RE, 180",,2014,5953658,Uncategorized,2020-11-18 19:20:57,,,
2752858,Mumford & Sons,Sigh No More,"Island Records, Gentlemen Of The Road","LP, Album, Gat",,2009,7371826,Uncategorized,2020-11-18 21:10:42,,,
JRLP018,Various,Dub Sampler Vol 2,Jamaican Recordings,"LP, Comp",,2004,570537,Uncategorized,2020-11-18 19:16:14,,,
JO 053,Pale Grey,Waves,JauneOrange,"LP, Album, Tra",,2017,11839676,Uncategorized,2021-02-20 00:18:47,,,
JC 001,Wildlife (5),Sugar Me / Wadodem,Jungle Cakes,"12""",,2009,1686257,Uncategorized,2021-06-24 02:52:41,Near Mint (NM or M-),Generic,
JC 002,Wildlife (5),No No No (You Don't Love Me) / Hail Up The Lion,Jungle Cakes,"12""",,2009,1907484,Uncategorized,2021-04-26 07:23:17,,,
JC 004,Wildlife (5),Ragga Tip (Walk And Skank) / Ragga Muffin,Jungle Cakes,"12""",,2010,2223396,Uncategorized,2021-06-24 02:52:41,Near Mint (NM or M-),Generic,
JC 006,Wildlife (5),I Need A Dollar / Bad Bwoy,Jungle Cakes,"12""",,2010,2568058,Uncategorized,2021-06-24 02:52:41,Near Mint (NM or M-),Generic,
JC 007,DJ Deekline & Ed Solo,King Of The Bongo / Stickybuds Guaranteed,Jungle Cakes,"12""",,2011,2664480,Uncategorized,2021-04-26 07:23:15,,,
JC 008,DJ Deekline & Ed Solo,Sensi / Ghost Town,Jungle Cakes,"12""",,2011,3018778,Uncategorized,2022-07-28 06:13:11,,,
JC 009,DJ Deekline & Ed Solo,Man Down / Untold,Jungle Cakes,"12""",,2011,3244880,Uncategorized,2021-06-24 02:52:41,Near Mint (NM or M-),Generic,
JC 042,Sara Lugo Ft. Protoje / Sizzla,Welcome To The Jungle Volume 3 (Sampler One),Jungle Cakes,"12"", Smplr",,2015,7853652,Uncategorized,2026-07-20 13:04:42,Near Mint (NM or M-),Generic,
JC 050,DJ Deekline & Ed Solo / DJ Dee Kline Featuring Tippa Irie,Welcome To The Jungle Volume 4 (Sampler One),Jungle Cakes,"12"", Smplr",,2016,9016487,Uncategorized,2026-07-27 02:07:14,Near Mint (NM or M-),No Cover,
JC010,DJ Deekline & Ed Solo,Paella / Blaze It Up,Jungle Cakes,"12""",,2012,3346966,Uncategorized,2021-04-26 07:23:16,,,
JC011,Cain.1 and DJ Wakcutt / Slynk,Night Nurse / Bad Duppy Walk,Jungle Cakes,"12""",,2012,3455382,Uncategorized,2021-06-14 06:32:40,Very Good (VG),,
JC014,JFB,Five On It / Tequila Sunrise,Jungle Cakes,"12""",,2012,3951392,Uncategorized,2021-04-26 07:23:16,,,
JC016,Jinx (In Dub),Amen In Session / Seek And Find,Jungle Cakes,"12""",,2013,4346095,Uncategorized,2026-07-03 08:15:31,,,
JC017,Ed Solo And Stickybuds,Smoke The Weed / Joker Smoker,Jungle Cakes,"12""",,2013,4742561,Uncategorized,2026-07-03 08:16:07,,,
JC027,DJ Deekline & Ed Solo,Hot This Year / Remember ,Jungle Cakes,"12""",,2014,5846178,Uncategorized,2021-04-26 07:23:13,,,
JC029,Ed Solo,Here I Come / Ganja Smuggling,Jungle Cakes,"12""",,2014,6154793,Uncategorized,2026-07-20 13:04:09,Near Mint (NM or M-),Generic,
JC096/090,"DJ Deekline & Ed Solo, Specimen A, General Levy",Have Some Fun,Jungle Cakes,"12""",,2020,16018088,Uncategorized,2021-04-26 07:23:14,,,
JC107/113,DJ Deekline & Ed Solo,Bad Boys (Ben Snow & Jappa Remix) / Bam Bam (Benny Page & Deekline Remix),Jungle Cakes,"12"", Single",,2020,16249717,Uncategorized,2021-07-28 13:17:35,Mint (M),Generic,
JC116,Brian Brainstorm,Footwork Skank / Gunshot,Jungle Cakes,"12""",,2020,16427895,Uncategorized,2021-07-28 13:17:35,Mint (M),Generic,
JXR09,Zound & Ku (10) / DJ Dubb,We Got The Sound (Zound & Ku Remix) / Hollow Earth,JungleXpeditions Records,"12""",,2009,1650200,Uncategorized,2022-01-14 04:10:01,Near Mint (NM or M-),Generic,
JUNGLISTA002,DJ Dubb,I'm A Versionist / Cenizas De Babylon,Junglista Records,"12""",,2007,1005321,Uncategorized,2022-01-14 04:10:01,Very Good Plus (VG+),Generic,
KAOTIK02,Various,Kaotik Soundsystem 02,Kaotik Soundsystem,"12""",,2011,3182455,Uncategorized,2021-04-26 07:23:17,,,
KAOTIK05,Mandidextrous / Vandal (16) / Suburbass,Kaotik 05,Kaotik Soundsystem,"12""",,2013,4996344,Uncategorized,2021-04-26 07:23:16,,,
KAOTIK06,Vandal (16),Kaotik Soundsystem 06,Kaotik Soundsystem,"12""",,2013,4996380,Uncategorized,2021-04-26 07:23:14,,,
KAOTIK12,Various,Kaotik Soundsystem 12,Kaotik Soundsystem,"2x12""",,2016,9734596,Uncategorized,2021-04-26 07:23:14,,,
KILLADUBZ 001,Serial Killaz (2),My Sound A Champion / Walk Like A Champion,Killa Dubz,"12"", Promo, W/Lbl",,2010,2092484,Uncategorized,2021-09-08 14:44:40,,,
KILLADUBZ 002,Serial Killaz (2),Worries Inna Dance,Killa Dubz,"12""",,2010,2331749,Uncategorized,2021-06-14 06:32:40,Very Good Plus (VG+),Generic,
KILLADUBZ 003,Serial Killaz (2),Walk & Skank / Put It On,Killa Dubz,"12""",,2010,2568011,Uncategorized,2022-07-28 06:12:39,,,
KILLADUBZ 003,Serial Killaz (2),Walk & Skank / Put It On,Killa Dubz,"12""",,2010,2568011,Uncategorized,2022-07-28 06:13:46,,,
"50999 9 66019 1 4, STUMM 304",Kraftwerk,Radio-Activity,"Kling Klang, Mute","LP, Album, RE, RM, 180",,2009,2016901,Uncategorized,2021-08-07 03:26:44,,,
50999 9 66020 1 0,Kraftwerk,Trans Europe Express,"Kling Klang, Parlophone","LP, Album, Ltd, RE, RM, S/Edition, Cle",,2020,16033721,Uncategorized,2021-08-07 03:27:40,,,
5099996601419,Kraftwerk,Autobahn,"Kling Klang, Parlophone","LP, Album, RE, RM, RP, 180",,2015,7000941,Uncategorized,2020-11-18 20:22:25,,,
NEG 014,Terry Tee,Jahoviah Ina Dub / Only You,Knowledge & Wisdom Records,"12""",,2008,1366545,Uncategorized,2022-01-14 04:10:01,Near Mint (NM or M-),Generic,
NEG012,Demolition Man,Fire,Knowledge & Wisdom Records,"12""",,2006,828642,Uncategorized,2022-07-28 06:12:56,,,
Krak In Dub Limited 04,O.B.F. & Mr Williamz,Mandela,Krak In Dub Ltd,"12"", S/Sided, Etch, Ltd, RP, Ora",,2022,23509331,Uncategorized,2022-10-25 04:18:01,Mint (M),Mint (M),
LEWIS1071LP,Skinshape,Umoja,Lewis Recordings,"LP, Album",,2020,15478998,Uncategorized,2020-11-18 20:10:03,,,
LD001,Visionary,You Can't Surrender,Lion Dubs,"12"", W/Lbl",,2005,1858695,Uncategorized,2021-06-24 02:52:41,Near Mint (NM or M-),Generic,
LDR003,Ghetto Fabulous / Dub Street,Oh Natty / Skankin' Dub,Lion Dubs,"12""",,2006,656986,Uncategorized,2021-06-24 02:52:41,Near Mint (NM or M-),Generic,
MD008,Vibronics,Dub Italizer,Mania Dub,"2xLP, Album, RE",,2019,12727681,Uncategorized,2020-11-18 19:05:30,,,
MD018,Alpha & Omega meets The Disciples (2),The Sacred Art Of Dub Vol 2,Mania Dub,"LP, RSD, Ltd, RM, Whi",,2020,14616880,Uncategorized,2020-11-18 19:01:05,,,
MIM 05,Demolition Man & Krak In Dub,Slow Motion,Mas I Mas,"12""",,2009,2037635,Uncategorized,2022-10-25 04:18:01,Near Mint (NM or M-),Near Mint (NM or M-),
MP 01,Prana,Scarab E.P.,Matsuri Productions,"12"", EP",,1995,40755,Uncategorized,2021-04-26 07:23:13,,,
MP02,Prana,Kiba E.P.,Matsuri Productions,"12"", EP",,1995,94051,Uncategorized,2021-04-18 06:55:36,Very Good Plus (VG+),Very Good Plus (VG+),
MP20,Kailash,Higher E.P.,Matsuri Productions,"12"", EP",,1996,106788,Uncategorized,2021-04-26 07:23:14,,,
MP23,Rotatum,Phaze Din E.P.,Matsuri Productions,"12"", EP",,1996,94177,Uncategorized,2021-04-26 07:23:15,,,
MPR17RAGV3,"Mooncat (3), Fak Scratch, Kursiva",Melting Pot 17 Ragga Jungle Series Vol. 3,Melting Pot,"10"", Ltd, RP, Ora",,2020,15948164,Uncategorized,2021-04-26 07:23:17,,,
ASG MP003,Sky Distortion,Psychic Orient / Sin Gravity,Micro Psy'c,"12""",,2000,198326,Uncategorized,2021-04-18 06:56:11,,,
MODVL161,Tame Impala,Lonerism,Modular Recordings,"2xLP, Album",,2012,3937552,Uncategorized,2020-07-07 08:21:05,,,
MSLP001,Radikal Guru,Subconscious,Moonshine Recordings,"2x12"", Album",,2013,5141746,Uncategorized,2022-10-25 04:18:00,Mint (M),Mint (M),
MOVLP1208,Peter Tosh,Bush Doctor,Music On Vinyl,"LP, Album, RE, RM, 180",,2014,6226299,Uncategorized,2020-11-18 19:18:10,,,
MOVLP2265,Prince Jammy,Kamikazi Dub,Music On Vinyl,"LP, Album, Ltd, Num, RE, Ora",,2018,12834977,Uncategorized,2020-11-18 19:13:25,,,
MOVLP2336,Pablo Moses,Pave The Way,Music On Vinyl,"LP, Album, RE",,2019,14447677,Uncategorized,2022-08-13 07:25:22,,,
MOVLP567,MGMT,Oracular Spectacular,Music On Vinyl,"LP, Album, RSD, Ltd, Num, RE, 180",,2014,5614113,Uncategorized,2020-07-07 08:22:37,,,
Stumm172,Moby,Play,"Mute, BMG","2xLP, Album, Ltd, RE, 180",,2016,8465720,Uncategorized,2020-11-18 21:45:33,,,
NB002,Tippa Irie / Million Stylez,Wicked & Wild (Dancehall Style) / Police In Helicopter (Frisk Mix),Necessary Bass,"12""",,2011,3328008,Uncategorized,2022-10-25 04:18:01,Near Mint (NM or M-),Near Mint (NM or M-),
NDB003,"YT, Million Stylez, Tenor Fly, Blackout Ja & Mr Williamz",Dubplate (Benny Page Remix),Necessary Mayhem,"12""",,2010,3695729,Uncategorized,2022-07-28 06:13:00,,,
NICEUP 011,Turntable Dubbers,I Say Yeah / Rasta Be Good,Nice Up!,"12"", W/Lbl, Sta",,2010,2318983,Uncategorized,2021-06-24 02:52:41,Near Mint (NM or M-),Generic,
NUMFR003,Vini Selecta & U.Stone,Computer Dub / Stone In My Heart,Nu Urban Music France,"12""",,2009,1668772,Uncategorized,2022-01-14 04:10:01,Very Good Plus (VG+),Generic,
NUMFR004,Dj Panik (3) & M-Rode,18 & Over / Shine Eyes Girl,Nu Urban Music France,"12"", Promo",,2009,2014211,Uncategorized,2022-07-28 06:12:14,,,
NUMFR005,Vini Selecta and U.Stone Feat. Jah Call,Bless I,Nu Urban Music France,"12"", Promo, W/Lbl",,2010,2213129,Uncategorized,2022-01-14 04:10:00,Near Mint (NM or M-),Generic,
NBEATS 002,UK Apachi,Concrete Jungle,Nuttah Beats,"12"", W/Lbl",,2007,1009325,Uncategorized,2022-02-07 02:27:07,Very Good Plus (VG+),Generic,
OAKS06RP2,Anetha / Cadency,Acid Science,Oaks,"12"", EP, RE",,2020,16258898,Uncategorized,2021-08-07 03:29:04,,,
c0019724 ,Spoonbill,Canopy,Omelette,"LP, Album, Ltd",,2019,14531046,Uncategorized,2020-11-18 19:50:57,,,
OP 008,Visionary,Run For Your Life / Dead Man Walking,On Point Music,"12"", W/Lbl",,2007,1454125,Uncategorized,2022-01-14 04:10:01,Very Good Plus (VG+),Generic,
OP 009,Visionary / Isaac Maya,Whip Them Soundboy / Another Meditation,On Point Music,"12""",,2009,1657631,Uncategorized,2021-06-24 02:52:41,Near Mint (NM or M-),Generic,
ORG 001,Fuzzy Logic (3),Double Barrel / Spice Invader,Organic Records (3),"12""",,1997,203738,Uncategorized,2020-11-18 21:37:31,,,
OR10001,Various,Organic Roots Records,Organic Roots Records,"10"", Ltd, Num",,2014,6233706,Uncategorized,2021-04-26 07:23:14,,,
OTT038,Ott,A Load Up At Nunney Catch / Scilly Automatic,Ottsonic Music,"12"", Single, Gre",,2018,12938159,Uncategorized,2020-07-07 08:39:59,,,
OTT039,Ott,Blumenkraft,Ottsonic Music,"2xLP, Album, RE, 180",,2018,12938125,Uncategorized,2020-07-07 08:39:51,,,
OTT040,Ott,Skylon,Ottsonic Music,"2xLP, Album, RE, 180",,2018,11593205,Uncategorized,2020-07-07 08:39:41,,,
Ott041,Ott,Mir,Ottsonic Music,"2xLP, Album, RE, RM",,2017,10288453,Uncategorized,2020-07-07 08:39:27,,,
OTT042,Ott,Fairchildren,Ottsonic Music,"2xLP, Album, Ltd, RE",,2016,8848344,Uncategorized,2020-07-07 08:39:10,,,
0724387383814,Gorillaz,Demon Days,Parlophone,"2xLP, Album, RE, RP",,2018,12253351,Uncategorized,2019-05-20 14:56:47,,,
"12R 6559, 7243 879491 6 4",Gorillaz,19/2000,"Parlophone, Parlophone","12"", Single",,2001,163317,Uncategorized,2021-06-14 06:32:40,Very Good (VG),Very Good Plus (VG+),
"7243 5 31138 1 0, 7243 531138 1 0, 5 31138 1",Gorillaz,Gorillaz,"Parlophone, Parlophone, Parlophone","2xLP, Album, RE, Gat",,2015,6880569,Uncategorized,2020-07-07 08:20:59,,,
PRTL7051,Danny Red,Don Gorgon ,Partial Records,"7""",,2017,11193594,Uncategorized,2020-07-07 08:21:09,,,
PTM11,Mindfield,Let's Get Stoned And Watch The Freaks / Green Worm,Phantasm Records,"12""",,1995,94018,Uncategorized,2021-04-18 06:55:36,Very Good (VG),Very Good Plus (VG+),
"PFRLP14, 88875184311",Pink Floyd,The Division Bell,"Pink Floyd Records, Columbia","2xLP, Album, RE, RM, Gat",,2016,8984837,Uncategorized,2020-11-18 20:54:47,,,
"PFRLP6, 0190295997076",Pink Floyd,Meddle,"Pink Floyd Records, Pink Floyd Records","LP, Album, RE, RM, 180",,2016,9063908,Uncategorized,2020-11-18 20:47:11,,,
"PFRLP9, 5099902988016",Pink Floyd,Wish You Were Here,"Pink Floyd Records, Pink Floyd Records","LP, Album, RE, RM, 180",,2016,9180570,Uncategorized,2020-11-18 20:46:19,,,
"PFRLP10, PFRLP 10, 0190295996963",Pink Floyd,Animals,"Pink Floyd Records, Pink Floyd Records, Pink Floyd Records","LP, Album, RE, RM, 180",,2016,9359985,Uncategorized,2020-11-18 20:45:11,,,
LTDPFT007R,Atlas,Compass Error (Disc 2),"Plastica RED, Rip Records","12""",,2002,84726,Uncategorized,2020-11-18 21:35:06,,,
"535 484-3, 0600753548431",Cream (2),Disraeli Gears,"Polydor, Universal","LP, Album, RE, RP, 180",,2019,13712296,Uncategorized,2020-11-18 21:03:47,,,
"JM 5001, KO/80.0705",Guelewar Band Of Banjul,Tasito,"Productions Jambaar PJ, Le Kiosque d'Orphée","LP, Album",,1980,2187146,Uncategorized,2021-02-20 00:19:41,,,
PDLP 003,Sid Shanti,Deck Wizards - Aural Sect,Psychic Deli,"2xLP, Comp",,1996,215146,Uncategorized,2020-07-07 08:46:05,,,
PSDK 04,Various,PsychoDynamik 04,PSychoDynamiK,"12""",,2016,8922013,Uncategorized,2021-04-26 07:23:16,,,
PSDK 05,Various,Psychodynamik 05,PSychoDynamiK,"12""",,2017,9652785,Uncategorized,2022-07-06 10:18:13,,,
PSDK 06,"Dope Ammo, Turntable Dubbers, Stevens Kbosh, Rulo Smoka",Psychodynamik 06,PSychoDynamiK,"12""",,2018,11599763,Uncategorized,2021-07-28 13:17:16,Mint (M),Mint (M),
PSDK001,Various,PSychoDynamiK01,PSychoDynamiK,"12""",,2013,5302146,Uncategorized,2021-04-26 07:23:13,,,
PSDK002,Various,PSychoDynamiK 02 ,PSychoDynamiK,"12""",,2013,5302169,Uncategorized,2021-07-28 13:17:16,Mint (M),Mint (M),
PSDK03,Various,Psychodynamik 03,PSychoDynamiK,"12"", Ltd",,2015,7417304,Uncategorized,2022-07-06 10:17:39,,,
PSDK07,"Aphrodite, Kursiva, Benny Page, Isaac Maya",Psychodynamik 07,PSychoDynamiK,"12""",,2018,12557942,Uncategorized,2021-07-28 13:17:16,Mint (M),Mint (M),
PUREPIRATE 14,Fatboy Slim / Beastie Boys,Rockafeller Skank (Mulders Urban Takeover Mix) / Intergalactic (Prisoners Of Technology TMS 1 Remix),Pure Pirate,"12"", Unofficial",,2008,1312727,Uncategorized,2021-09-08 14:44:41,,,
PUREVBZ001,Visionary / Aries,Ganja Fire / Herbsmoke (Visionary Remix),Pure Vibez Recordings,"12""",,2007,976951,Uncategorized,2022-01-14 04:10:01,Very Good Plus (VG+),Generic,
Raggatek Force 01,Various,Bam !!,Raggatek Force,"12""",,2017,10884397,Uncategorized,2021-04-26 07:23:14,,,
Raggatek Power 06,Guigoo / Vandal (16),Raggatek Power 06,Raggatek Power,"12""",,2018,11597948,Uncategorized,2021-04-26 07:23:17,,,
Raggatek Power 07,Various,Raggatek Power 07,Raggatek Power,"12""",,2018,12488139,Uncategorized,2021-04-26 07:23:14,,,
RASTA 004V,Pixel (8) / Mystic Pulse,Fussin' & Fightin' / Don't Fool Rasta,Rasta Vibez,"10"", W/Lbl, Sta",,2015,7298036,Uncategorized,2022-06-18 13:02:02,,,
RASTA 011 V,Gunmen (2),The Sound / Messed Up,Rasta Vibez,"10"", Bro",,2017,11116315,Uncategorized,2022-10-10 01:21:15,Mint (M),Generic,
RASTA001V,Pixel (8),Jungle On Broadway,Rasta Vibez,"10"", W/Lbl, Gre",,2014,5823298,Uncategorized,2022-06-18 13:02:02,,,
RASTA002V,Pixel (8),World A Jungle Music,Rasta Vibez,"10"", RP, W/Lbl, Yel",,2022,23427560,Uncategorized,2022-06-18 13:02:02,,,
RASTA002V,Pixel (8),World A Jungle Music,Rasta Vibez,"10"", RP, W/Lbl, Sta",,2014,9184651,Uncategorized,2026-06-30 02:36:47,,,
RASTA003V,Pixel (8) / Mystic Pulse,Legalize it! / Herbalist,Rasta Vibez,"10"", W/Lbl, Red",,2015,6737607,Uncategorized,2022-06-18 13:02:02,,,
RASTA007V,Mystic Pulse / Gunmen (2),Call Di Doctor / Running Over,Rasta Vibez,"10"", lim",,2016,8770838,Uncategorized,2026-06-30 02:24:13,,,
RASTA008V,Pixel (8) / Gunmen (2),Soundclash EP,Rasta Vibez,"10"", EP, Red",,2016,9365807,Uncategorized,2022-06-18 13:02:02,,,
RASTA009V ,Gunmen (2),Warning / My Sound,Rasta Vibez,"10"", Red",,2017,10089438,Uncategorized,2022-10-10 01:21:15,Mint (M),Generic,
RASTA012V,Mystic Pulse,Burn Them / Strictly Rubadub,Rasta Vibez,"10"", smo",,2018,11506594,Uncategorized,2022-06-18 13:02:02,,,
RASTA013V,Scott Allen (11) & Deeper Connection,River Jordan EP ,Rasta Vibez,"12"", Pin",,2022,22037302,Uncategorized,2022-06-18 13:02:02,,,
RASTA014V,"Scott Allen (11), Pixel (8)",Babylon EP,Rasta Vibez,"12"", Ora",,2022,22290283,Uncategorized,2022-10-25 04:18:01,Mint (M),Mint (M),
RASTA017V,Mystic Pulse,Babylon Pressure / Call Di Doctor,Rasta Vibez,"10"", Pin",,2022,23123543,Uncategorized,2022-06-18 13:02:02,,,
RASTA018V,Gunmen (2),Running Over / The Sound ,Rasta Vibez,"10"", Gre",,2022,23369369,Uncategorized,2022-06-18 13:02:02,,,
RASTA12002,Pixel (8),Boom Bey Bey,Rasta Vibez,"12""",,2016,8439647,Uncategorized,2021-04-26 07:23:14,,,
RASTA12003,Pixel (8),Get Mash Up,Rasta Vibez,"12""",,2017,9880413,Uncategorized,2022-10-10 01:21:15,Mint (M),Generic,
RASTAFAR 1,Unknown Artist,Rastafari Army / Rich Man Dub,Rasta Vibez,"10"", han",,2017,10351290,Uncategorized,2022-10-10 01:21:15,Mint (M),Generic,
88985349031,Lou Reed,Transformer,RCA Victor,"LP, Album, Ltd, RE, Whi",,2016,14642092,Uncategorized,2020-07-07 08:43:22,,,
19075883381,Wu-Tang Clan,Enter The Wu-Tang (36 Chambers),"RCA, Loud Records, Legacy, Sony Music","LP, Album, Ltd, RE, Yel",,2018,12647200,Uncategorized,2021-08-07 03:27:05,,,
ROCKERS 002,Skoobz,Sound Clash (Remixes),Rockers Dubs,"12""",,2005,541676,Uncategorized,2022-01-14 04:10:01,Very Good Plus (VG+),Generic,
RAR7.002,Sensi-T & Mr. Zèbre,Travelling On The Riddim ,Rootical Attack Records,"7""",,2017,9901035,Uncategorized,2020-07-07 08:21:11,,,
ROOTS001,Aries,Brother & Sister / I Try,Roots Records (3),"12""",,2006,690001,Uncategorized,2022-01-14 04:10:00,Near Mint (NM or M-),Generic,
ROOTS002,DJ Panik (3) / DJ Origin,Super Skank / Warrior Chant,Roots Records (3),"12""",,2008,1410403,Uncategorized,2021-06-24 02:52:41,Very Good Plus (VG+),Generic,
ROOTS003,NW2 / Aries,Operation / Ala Bama,Roots Records (3),"12""",,2009,1645963,Uncategorized,2022-01-14 04:10:00,Near Mint (NM or M-),Generic,
ROOTS004,Aries / Jacky Murda,Ganja Farmer / One Of The Days,Roots Records (3),"12""",,2010,2492415,Uncategorized,2022-07-28 06:12:43,,,
RCR04,RCola & Barrington Levy,Lost And Found / Warn Ya,Royal Crown,"12""",,2009,1655998,Uncategorized,2022-01-14 04:10:00,Near Mint (NM or M-),Generic,
RBP 010,Top Cat,Bunn The Sensi (Remixes),Rude Bwoy Plastic,"12""",,2009,1683569,Uncategorized,2021-06-14 06:32:40,Very Good Plus (VG+),Generic,
RBP-002A,Heretic / Murder Inc. (5),Heads High / Wings Of The Morning,Rude Bwoy Plastic,"12"", RE",,2001,14342,Uncategorized,2022-02-07 02:27:07,Very Good Plus (VG+),,
RTZR002,YT,Born Inna Babylon (The Remixes),Run Tingz Recordings,"12""",,2010,2648478,Uncategorized,2021-06-14 06:32:40,Very Good Plus (VG+),Near Mint (NM or M-),
RTZR003,Run Tingz Cru Feat. Blackout Ja & K*Ners,Informer,Run Tingz Recordings,"12""",,2011,2835589,Uncategorized,2022-07-28 06:14:18,,,
EASYSATIVA 006,UK Apachi Vs Spyda,Jungle Story,"Sativa Records, Easy Records","12"", Ltd, Promo",,2008,1488610,Uncategorized,2022-07-28 06:14:03,,,
SCOOP054,"Jah Marnyah, Vibronics",Tralalalala /  ﻿Dirty Babylon,Scoops,"10""",,2016,9015811,Uncategorized,2020-12-14 12:30:02,,,
SCOOP061LP,Vibronics,Woman On A Mission,Scoops,"2xLP, Album, Ltd",,2018,11910773,Uncategorized,2021-01-20 04:21:50,,,
SCOOP068,Vibronics,History Dub,Scoops,"7"", Ltd, RE",,2020,15888482,Uncategorized,2021-01-20 04:22:54,,,
SCOOP069,Vibronics Feat. Prof. Natty,R.A.S.T.A.F.A.R.I.,Scoops,"7"", Ltd, RE",,2020,16100711,Uncategorized,2021-01-20 04:22:09,,,
SCOOP070,Vibronics Feat. Michael Prophet,Searching For Jah,Scoops,"7"", RE",,2020,16339839,Uncategorized,2020-12-14 12:30:32,,,
SCOBLP001,Mungo's Hi-Fi,Sound System Champions,Scotch Bonnet,2xLP,,2009,2283191,Uncategorized,2020-11-18 21:48:08,,,
none,The War On Drugs,Lost In The Dream,Secretly Canadian,"2xLP, Album, TP",,0,7323643,Uncategorized,2020-11-18 20:56:08,,,
SC409,Whitney (8),Candid,Secretly Canadian,LP,,2020,15749653,Uncategorized,2023-02-15 09:57:04,,,
 KILLAZ005,Serial Killaz (2),In Your Eyes / Lovely Woman,Serial Killaz,"12""",,2013,5196030,Uncategorized,2022-07-28 06:14:27,,,
SHA052,DJ Friction,Led Astray / Stand Up (Sigma Rmx),Shogun Audio,"12"", Promo",,2012,3392669,Uncategorized,2022-02-07 02:27:07,Near Mint (NM or M-),,
SIG007A,Calibre & High Contrast,Mr. Majestic / The Other Side,Signature Records,"12"", RE, RP",,2017,19351834,Uncategorized,2022-10-25 04:18:01,Mint (M),Mint (M),
SMOKERS001,Rub-A-Dub Soldiers / Stalefish,No Gun / Be Careful,Smokers,"12"", Promo",,2009,1788546,Uncategorized,2021-06-24 02:52:41,Near Mint (NM or M-),Generic,
SV006,The Ragga Twins,Jerlipy Lip / Every Sound,Solid Vinyl,"12"", Single",,2003,203067,Uncategorized,2022-07-28 06:12:33,,,
SV010,Mr. Quest / DJ Dhanu,E.Legal Gunshot / Foxy 2 Tails,Solid Vinyl,"12"", W/Lbl",,2005,2204400,Uncategorized,2022-02-07 02:27:07,Very Good Plus (VG+),,
SVLTD001D,The Ragga Twins,Untitled,Solid Vinyl,"2x12""",,0,2025258,Uncategorized,2022-07-28 06:13:57,,,
SONIC001,Jah Scoop / Benji303,Sonic Iration 001,Sonic Iration,"12""",,2021,19007248,Uncategorized,2021-07-28 13:17:16,Mint (M),Mint (M),
SOSL /U-MEN 001T,UK Apachi & Shy FX,Original Nuttah / Nuttah V.I.P.,SOSL Recordings,"12""",,2002,149207,Uncategorized,2022-07-28 06:14:56,,,
SOUL-00,Camo & Khan (5) / Dancing Djedi,Mr. Mista / Lion Youth,Soul (5),"12"", Ltd",,2007,992476,Uncategorized,2022-07-06 10:13:48,Very Good Plus (VG+),Generic,
SOULR014,St.Cal,Red Light / Little Man,Soul:r,"12"", RP",,2022,23602418,Uncategorized,2022-10-25 04:18:01,Mint (M),Mint (M),
SNDTRKS003,Nuts One,Clockwork Wizards,Soundtrackers,"LP, Album, Ltd, Num, 300",,2017,10665890,Uncategorized,2021-02-20 00:18:19,,,
"SY020, BBM7V01",Shiva Skank & Señor R,Pa Tol Mundo,"South Yard, Boombass Music","7"", S/Edition",,2021,17342536,Uncategorized,2022-07-06 10:20:29,,,
MPLP001,"Marina P, Stand High Patrol",Summer On Mars,Stand High,"LP, Album",,2018,12791487,Uncategorized,2020-12-14 12:29:34,,,
SHLP001,Stand High Patrol,Midnight Walkers,Stand High,"LP, RE",,2020,15630839,Uncategorized,2022-07-08 15:51:29,,,
560 0021 30,MK-Ultra,Freedom EP,Step 2 House Records,"12"", EP, Maxi",,1995,243960,Uncategorized,2021-04-18 06:55:36,Very Good Plus (VG+),Very Good Plus (VG+),
SUPADUBFR001,Stalefish,Too Greedy (Rmx) / Murder Style,Step Express,"12""",,2006,689940,Uncategorized,2026-07-03 08:15:34,,,
XPRESS 005,Various,Step Express EP,Step Express,"12"", EP",,2006,664690,Uncategorized,2022-02-07 02:27:07,Near Mint (NM or M-),Generic,
XPRESS007,Various,French Connection EP,Step Express,"12"", EP",,2006,1061433,Uncategorized,2026-06-30 03:09:37,,,
XPRESS009,Various,Step Express 09,Step Express,"12""",,2007,1029417,Uncategorized,2022-01-14 04:10:00,Very Good Plus (VG+),Generic,
A&OLP2017,Alpha & Omega,One By One,Steppas,"LP, Album",,2017,11344344,Uncategorized,2020-11-18 18:59:53,,,
AS2020,Alpha Steppa,Dear Friend ,Steppas,"12"", EP, Ltd",,2020,15509278,Uncategorized,2021-08-07 03:31:02,,,
ASLP002,Dub Dynasty,Thundering Mantis,Steppas,"2xLP, Album",,2014,6051538,Uncategorized,2019-05-15 13:59:40,,,
ASLP008,Jahyu,Lineage Of The Sun,Steppas,"2xLP, Album",,2018,11888391,Uncategorized,2025-01-02 12:23:14,,,
STREETLIFE009,DJ Nut Nut,Special Dedication (Sigma Remix / Original Mix),Street Life (2),"12""",,2011,3182986,Uncategorized,2022-07-28 06:12:48,,,
STU16LP 003,Lee Perry,Disco Devil Vol. 1 (5 Classic Discomixes From The Black Ark Studio 1977-9),Studio 16,"LP, Comp",,2018,12915820,Uncategorized,2020-07-07 08:21:23,,,
SSR004,Missing (2),Jack It Operator,Sub System Recordings,"10""",,2020,16167842,Uncategorized,2021-07-28 13:17:35,Mint (M),Mint (M),
DUBK-023,Dubkasm,Victory!,Sufferah's Choice Recordings,"12""",,2013,5101082,Uncategorized,2019-05-15 13:56:32,,,
SUNCDEP02,Astral Projection,Let There Be Light,Suntrip Records,"12"", EP",,2017,10919581,Uncategorized,2020-11-18 20:04:57,,,
SUNCDLP01,Various,Gamma Draconis,Suntrip Records,"2xLP, Comp",,2020,16094486,Uncategorized,2020-11-18 19:59:18,,,
SUNCDLP02,Khetzal,Corolle,Suntrip Records,"2xLP, Album, RE, RM",,2021,17476666,Uncategorized,2021-03-29 12:34:09,,,
SYMBLP02,Various,Balagan,Symbiosis Records,"2xLP, Comp",,1996,227032,Uncategorized,2020-07-07 08:45:24,,,
PD03,Mad Tribe,Planet Gone Mad,TIP Records,"12"", Ltd",,2018,11884137,Uncategorized,2020-11-18 20:05:26,,,
TIP LP 10,Doof,Let's Turn On,TIP Records,"2xLP, Album",,1996,61361,Uncategorized,2020-11-18 19:58:58,,,
TIPWLP034,Alien Project,Don't Worry Be Groovy!,TIP.World,"2xLP, Album",,2004,246820,Uncategorized,2020-07-07 08:45:36,,,
TIPWLP048,Various,Evolution Of Expanded Consciousness,TIP.World,"2xLP, Comp",,2006,713854,Uncategorized,2020-07-07 08:45:34,,,
TTT 002,K.U.R.O.,The Revolution,Tokyo Tekno Tribe,"12"", Promo, W/Lbl",,1995,902575,Uncategorized,2021-04-18 06:55:36,Very Good (VG),Generic,
TG015.1,Tommy Guerrero,Road To Knowhere ,Too Good,"LP, Album, Ltd, Sun",,2019,13336494,Uncategorized,2020-11-18 20:15:12,,,
501,The Shake Spears,Summertime,Tornado (9),"LP, Album",,1978,3309162,Uncategorized,2020-11-18 20:21:08,,,
TOUGHEXPRESS001,Stalefish / Dimension Of Soundz,Rudeboy / Herbalist,Tough Express,"12""",,2007,951252,Uncategorized,2021-06-24 02:52:41,Near Mint (NM or M-),Generic,
VOL 066,Z-Plane (2),Hopium,Trans'Pact Productions,"12""",,1995,183107,Uncategorized,2021-04-18 06:55:36,Very Good (VG),Very Good (VG),
TRA026,Astral Projection,Ionised / Kabalah (New Age Mix),Transient Records,"12"", Ltd, Flu",,1997,73631,Uncategorized,2020-11-18 21:43:39,,,
TRA027,Nemesis (11),Snake Dance / Two Worlds,Transient Records,"12""",,1997,136734,Uncategorized,2020-11-18 21:41:11,,,
TRA029,Slide,Alien Hitmen / The Search,Transient Records,"12""",,1997,103616,Uncategorized,2020-11-18 21:36:00,,,
TRA031,Hypnosys,Joker / Fantasian,Transient Records,"12""",,1997,258176,Uncategorized,2020-11-18 21:34:14,,,
TRANR612 LP,Astral Projection,Dancing Galaxy,Transient Records,"2xLP, Album",,1997,209697,Uncategorized,2020-11-18 21:19:18,,,
"6.24 479, 6.24479 AL",Desmond Dekker,Profile,"Trojan Records, Trojan Records","LP, Comp",,1981,2107705,Uncategorized,2026-07-25 11:24:11,Near Mint (NM or M-),Near Mint (NM or M-),
602547276209,Bob Marley & The Wailers,Rastaman Vibration,"Tuff Gong, Island Records, UMe, Universal Music Group International","LP, Album, RE, RM, Gat",,2015,7541656,Uncategorized,2020-11-18 19:23:05,,,
602547276261,Bob Marley & The Wailers,Kaya,"Tuff Gong, Island Records, Universal Music Group International","LP, Album, RE, RM, 180",,2015,7541890,Uncategorized,2020-11-18 19:24:02,,,
TWSLP28RM,Shpongle,Nothing Lasts... But Nothing Is Lost,Twisted Records,"2xLP, Album, Dlx, Ltd, RE, RM",,2019,13469646,Uncategorized,2021-07-11 01:08:46,,,
TWSLP48,Shpongle,Codex VI,Twisted Records,"3xLP, Album, Ltd, Gre",,2017,11242859,Uncategorized,2020-07-07 08:47:20,,,
TWSLP4RM21,Shpongle,Are You Shpongled?,Twisted Records,"3xLP, Album, RE, RM",,2022,23596322,Uncategorized,2022-07-06 10:02:07,,,
06025 3754592 6,Parov Stelar,The Art Of Sampling,"Universal Music Group, Island Records, Etage Noir Recordings","2xLP, Comp",,2013,4996861,Uncategorized,2020-11-18 20:18:46,,,
URBTAKE 1,Aphrodite & Micky Finn,Bad Ass !,Urban Takeover,"12""",,1996,39966,Uncategorized,2022-10-10 01:21:15,Near Mint (NM or M-),Very Good Plus (VG+),
3752906,Dire Straits,Love Over Gold,"Vertigo, Phonogram","LP, Album, RE, RM, RP, 180",,2019,14578522,Uncategorized,2021-01-04 07:26:30,,,
3752907,Dire Straits,Brothers In Arms,"Vertigo, Phonogram","2xLP, Album, RE, 180",,2019,15174524,Uncategorized,2020-07-07 08:44:03,,,
"371 710-8, 0602537171088",The Velvet Underground & Nico (3),The Velvet Underground & Nico,"Verve Records, Verve Records","LP, Album, RE, RM, RP, 45t",,2015,7101649,Uncategorized,2020-11-18 21:13:36,,,
VIBEZ93009,Kit (33),Desolate EP,Vibez '93,"12"", EP, Red",,2021,21004888,Uncategorized,2026-07-25 11:33:10,Mint (M),Generic,
VINDIG446,Gramatik,The Age Of Reason,Vinyl Digital,"2xLP, Album, RSD, Ltd, RE",,2020,15839206,Uncategorized,2020-11-18 20:13:25,,,
VX 1010,Gregory Isaacs,Crucial Cuts,Virgin,"LP, Comp",,1983,1499521,Uncategorized,2020-11-18 19:45:22,Fair (F),Fair (F),
0602557048414,Queen,Greatest Hits,Virgin EMI Records,"2xLP, Comp, RE, RM, Gat",,2016,9371072,Uncategorized,2020-11-18 21:11:38,,,
VPGS7115,Eek-A-Mouse,Ganja Smuggling,"VP Records, Volcano","7""",,2024,32473200,Uncategorized,2026-07-25 11:18:29,Mint (M),Mint (M),
3352736,Various,Reggae Vibrations (Classics By The Reggae Masters),Wagram Music,"LP, Comp, RM, 180",,2018,11632812,Uncategorized,2020-11-18 19:21:22,,,
WARP LP 36R,Nightmares On Wax,Smokers Delight,Warp Records,"2xLP, Album, RE, 180",,2014,6202910,Uncategorized,2020-07-07 08:41:10,,,
WARPLP133R,Nightmares On Wax,In A Space Outta Sound,Warp Records,"2xLP, Album, RE, RP, Gat",,2014,6194329,Uncategorized,2020-11-18 20:17:31,,,
"warplp55r, skalp 1",Boards Of Canada,Music Has The Right To Children,"Warp Records, Skam","2xLP, Album, RE, RP",,2013,5006908,Uncategorized,2020-11-18 20:52:39,,,
WKDRDM03,"Jah Seal, Aldubb And Soultrain",Beat The System Remixes,Wikkid Riddim,"12""",,2009,2047141,Uncategorized,2022-01-14 04:10:01,Near Mint (NM or M-),Generic,
X-DR 002,Ariane (2),Objectif Mercury,X-DR Production,"12""",,1995,141496,Uncategorized,2021-04-14 07:32:33,,,
XRPVY1704,L'Entourloop,Le Savoir Faire,X-Ray Production,"2xLP, Album",,2017,10838657,Uncategorized,2020-11-30 20:08:47,,,
XRPVY1904,The Architect (8),Foundations,X-Ray Production,"12"", EP, RE",,2019,11621872,Uncategorized,2020-11-30 20:10:32,,,
XS014,Soundclash (3),Bang Bang,XS Records (4),"12""",,2010,2559435,Uncategorized,2022-07-28 06:15:31,,,
ZnootPoch.03,Krumble,Ghost Town / Angel City,Znootpoch,"12""",,2007,1163978,Uncategorized,2022-10-25 07:59:01,,,
ZnootPoch.13,Candy (3),Burning Marijuana / Lonely,Znootpoch,"12""",,2009,1939637,Uncategorized,2021-04-26 07:23:13,,,
ZnootPoch.16,Krak In Dub,2 Short / Blast1,Znootpoch,"12""",,2010,2104839,Uncategorized,2021-07-28 13:17:16,Mint (M),Mint (M),
ZnootPoch.17,Candy (3),Truth & Right / Come On Home,Znootpoch,"12""",,2010,2104842,Uncategorized,2021-04-26 07:23:15,,,
